File Name,Class
1.jpg,slope streak
2.jpg,other
3.jpg,other
4.jpg,other
5.jpg,other
6.jpg,other
7.jpg,bright dune
8.jpg,other
9.jpg,other
10.jpg,other
11.jpg,crater
12.jpg,crater
13.jpg,other
14.jpg,crater
15.jpg,bright dune
16.jpg,dark dune
17.jpg,crater
18.jpg,bright dune
19.jpg,other
20.jpg,impact ejecta
21.jpg,other
22.jpg,crater
23.jpg,crater
24.jpg,bright dune
25.jpg,other
26.jpg,other
27.jpg,bright dune
28.jpg,other
29.jpg,other
30.jpg,spider
31.jpg,other
32.jpg,other
33.jpg,crater
34.jpg,other
35.jpg,bright dune
36.jpg,bright dune
37.jpg,bright dune
38.jpg,other
39.jpg,other
40.jpg,other
41.jpg,impact ejecta
42.jpg,bright dune
43.jpg,bright dune
44.jpg,other
45.jpg,other
46.jpg,crater
47.jpg,swiss cheese
48.jpg,other
49.jpg,other
50.jpg,bright dune
51.jpg,bright dune
52.jpg,other
53.jpg,other
54.jpg,crater
55.jpg,dark dune
56.jpg,impact ejecta
57.jpg,other
58.jpg,other
59.jpg,other
60.jpg,bright dune
61.jpg,crater
62.jpg,other
63.jpg,impact ejecta
64.jpg,other
65.jpg,dark dune
66.jpg,bright dune
67.jpg,other
68.jpg,other
69.jpg,bright dune
70.jpg,crater
71.jpg,other
72.jpg,other
73.jpg,crater
74.jpg,other
75.jpg,bright dune
76.jpg,dark dune
77.jpg,dark dune
78.jpg,other
79.jpg,swiss cheese
80.jpg,other
81.jpg,other
82.jpg,other
83.jpg,bright dune
84.jpg,other
85.jpg,crater
86.jpg,slope streak
87.jpg,other
88.jpg,swiss cheese
89.jpg,bright dune
90.jpg,other
91.jpg,other
92.jpg,crater
93.jpg,other
94.jpg,other
95.jpg,crater
96.jpg,other
97.jpg,other
98.jpg,other
99.jpg,other
100.jpg,other
101.jpg,impact ejecta
102.jpg,other
103.jpg,crater
104.jpg,other
105.jpg,crater
106.jpg,other
107.jpg,bright dune
108.jpg,other
109.jpg,other
110.jpg,crater
111.jpg,bright dune
112.jpg,other
113.jpg,dark dune
114.jpg,other
115.jpg,bright dune
116.jpg,crater
117.jpg,crater
118.jpg,crater
119.jpg,other
120.jpg,other
121.jpg,other
122.jpg,other
123.jpg,slope streak
124.jpg,slope streak
125.jpg,other
126.jpg,other
127.jpg,other
128.jpg,other
129.jpg,other
130.jpg,dark dune
131.jpg,other
132.jpg,other
133.jpg,crater
134.jpg,other
135.jpg,bright dune
136.jpg,other
137.jpg,crater
138.jpg,slope streak
139.jpg,other
140.jpg,bright dune
141.jpg,swiss cheese
142.jpg,other
143.jpg,other
144.jpg,other
145.jpg,crater
146.jpg,impact ejecta
147.jpg,other
148.jpg,impact ejecta
149.jpg,other
150.jpg,crater
151.jpg,spider
152.jpg,other
153.jpg,other
154.jpg,other
155.jpg,other
156.jpg,swiss cheese
157.jpg,other
158.jpg,other
159.jpg,slope streak
160.jpg,impact ejecta
161.jpg,dark dune
162.jpg,other
163.jpg,slope streak
164.jpg,other
165.jpg,other
166.jpg,slope streak
167.jpg,other
168.jpg,other
169.jpg,other
170.jpg,crater
171.jpg,other
172.jpg,bright dune
173.jpg,slope streak
174.jpg,bright dune
175.jpg,crater
176.jpg,other
177.jpg,other
178.jpg,other
179.jpg,other
180.jpg,other
181.jpg,other
182.jpg,crater
183.jpg,bright dune
184.jpg,bright dune
185.jpg,other
186.jpg,crater
187.jpg,crater
188.jpg,crater
189.jpg,swiss cheese
190.jpg,other
191.jpg,other
192.jpg,crater
193.jpg,other
194.jpg,crater
195.jpg,slope streak
196.jpg,other
197.jpg,bright dune
198.jpg,other
199.jpg,other
200.jpg,other
201.jpg,crater
202.jpg,slope streak
203.jpg,other
204.jpg,crater
205.jpg,dark dune
206.jpg,other
207.jpg,crater
208.jpg,crater
209.jpg,dark dune
210.jpg,slope streak
211.jpg,other
212.jpg,slope streak
213.jpg,other
214.jpg,slope streak
215.jpg,other
216.jpg,bright dune
217.jpg,other
218.jpg,impact ejecta
219.jpg,other
220.jpg,crater
221.jpg,other
222.jpg,bright dune
223.jpg,other
224.jpg,swiss cheese
225.jpg,impact ejecta
226.jpg,dark dune
227.jpg,other
228.jpg,other
229.jpg,other
230.jpg,other
231.jpg,other
232.jpg,slope streak
233.jpg,crater
234.jpg,slope streak
235.jpg,crater
236.jpg,crater
237.jpg,crater
238.jpg,spider
239.jpg,other
240.jpg,slope streak
241.jpg,other
242.jpg,other
243.jpg,other
244.jpg,other
245.jpg,other
246.jpg,other
247.jpg,other
248.jpg,other
249.jpg,slope streak
250.jpg,bright dune
251.jpg,other
252.jpg,other
253.jpg,other
254.jpg,impact ejecta
255.jpg,dark dune
256.jpg,other
257.jpg,bright dune
258.jpg,bright dune
259.jpg,crater
260.jpg,dark dune
261.jpg,other
262.jpg,other
263.jpg,dark dune
264.jpg,other
265.jpg,bright dune
266.jpg,other
267.jpg,bright dune
268.jpg,other
269.jpg,other
270.jpg,other
271.jpg,crater
272.jpg,dark dune
273.jpg,other
274.jpg,other
275.jpg,other
276.jpg,impact ejecta
277.jpg,other
278.jpg,other
279.jpg,other
280.jpg,slope streak
281.jpg,dark dune
282.jpg,dark dune
283.jpg,other
284.jpg,bright dune
285.jpg,crater
286.jpg,other
287.jpg,other
288.jpg,other
289.jpg,slope streak
290.jpg,crater
291.jpg,other
292.jpg,crater
293.jpg,crater
294.jpg,other
295.jpg,other
296.jpg,other
297.jpg,swiss cheese
298.jpg,bright dune
299.jpg,other
300.jpg,other
301.jpg,bright dune
302.jpg,slope streak
303.jpg,swiss cheese
304.jpg,other
305.jpg,other
306.jpg,other
307.jpg,other
308.jpg,other
309.jpg,slope streak
310.jpg,other
311.jpg,swiss cheese
312.jpg,other
313.jpg,crater
314.jpg,dark dune
315.jpg,other
316.jpg,crater
317.jpg,impact ejecta
318.jpg,other
319.jpg,other
320.jpg,bright dune
321.jpg,crater
322.jpg,other
323.jpg,other
324.jpg,crater
325.jpg,spider
326.jpg,slope streak
327.jpg,impact ejecta
328.jpg,impact ejecta
329.jpg,crater
330.jpg,slope streak
331.jpg,slope streak
332.jpg,crater
333.jpg,other
334.jpg,slope streak
335.jpg,other
336.jpg,other
337.jpg,other
338.jpg,other
339.jpg,other
340.jpg,bright dune
341.jpg,impact ejecta
342.jpg,other
343.jpg,other
344.jpg,other
345.jpg,dark dune
346.jpg,bright dune
347.jpg,slope streak
348.jpg,dark dune
349.jpg,bright dune
350.jpg,other
351.jpg,other
352.jpg,other
353.jpg,crater
354.jpg,other
355.jpg,crater
356.jpg,other
357.jpg,bright dune
358.jpg,crater
359.jpg,other
360.jpg,other
361.jpg,dark dune
362.jpg,other
363.jpg,other
364.jpg,other
365.jpg,crater
366.jpg,bright dune
367.jpg,other
368.jpg,crater
369.jpg,other
370.jpg,swiss cheese
371.jpg,bright dune
372.jpg,other
373.jpg,other
374.jpg,impact ejecta
375.jpg,crater
376.jpg,crater
377.jpg,crater
378.jpg,other
379.jpg,other
380.jpg,other
381.jpg,other
382.jpg,slope streak
383.jpg,bright dune
384.jpg,swiss cheese
385.jpg,slope streak
386.jpg,impact ejecta
387.jpg,crater
388.jpg,crater
389.jpg,crater
390.jpg,slope streak
391.jpg,other
392.jpg,impact ejecta
393.jpg,dark dune
394.jpg,slope streak
395.jpg,other
396.jpg,dark dune
397.jpg,bright dune
398.jpg,other
399.jpg,other
400.jpg,other
401.jpg,crater
402.jpg,bright dune
403.jpg,crater
404.jpg,other
405.jpg,dark dune
406.jpg,other
407.jpg,crater
408.jpg,other
409.jpg,slope streak
410.jpg,bright dune
411.jpg,dark dune
412.jpg,bright dune
413.jpg,crater
414.jpg,other
415.jpg,crater
416.jpg,slope streak
417.jpg,other
418.jpg,slope streak
419.jpg,impact ejecta
420.jpg,crater
421.jpg,other
422.jpg,other
423.jpg,other
424.jpg,crater
425.jpg,other
426.jpg,other
427.jpg,other
428.jpg,other
429.jpg,other
430.jpg,slope streak
431.jpg,other
432.jpg,other
433.jpg,crater
434.jpg,other
435.jpg,other
436.jpg,other
437.jpg,other
438.jpg,other
439.jpg,slope streak
440.jpg,other
441.jpg,impact ejecta
442.jpg,swiss cheese
443.jpg,bright dune
444.jpg,other
445.jpg,bright dune
446.jpg,other
447.jpg,slope streak
448.jpg,bright dune
449.jpg,other
450.jpg,other
451.jpg,crater
452.jpg,other
453.jpg,swiss cheese
454.jpg,slope streak
455.jpg,other
456.jpg,dark dune
457.jpg,swiss cheese
458.jpg,slope streak
459.jpg,other
460.jpg,other
461.jpg,slope streak
462.jpg,other
463.jpg,impact ejecta
464.jpg,crater
465.jpg,other
466.jpg,crater
467.jpg,crater
468.jpg,other
469.jpg,crater
470.jpg,other
471.jpg,other
472.jpg,other
473.jpg,bright dune
474.jpg,other
475.jpg,crater
476.jpg,crater
477.jpg,crater
478.jpg,crater
479.jpg,bright dune
480.jpg,other
481.jpg,impact ejecta
482.jpg,other
483.jpg,other
484.jpg,other
485.jpg,other
486.jpg,other
487.jpg,bright dune
488.jpg,other
489.jpg,slope streak
490.jpg,bright dune
491.jpg,crater
492.jpg,impact ejecta
493.jpg,other
494.jpg,impact ejecta
495.jpg,bright dune
496.jpg,bright dune
497.jpg,crater
498.jpg,other
499.jpg,dark dune
500.jpg,other
501.jpg,other
502.jpg,swiss cheese
503.jpg,other
504.jpg,crater
505.jpg,slope streak
506.jpg,slope streak
507.jpg,other
508.jpg,crater
509.jpg,other
510.jpg,other
511.jpg,bright dune
512.jpg,other
513.jpg,crater
514.jpg,crater
515.jpg,crater
516.jpg,spider
517.jpg,other
518.jpg,other
519.jpg,slope streak
520.jpg,bright dune
521.jpg,bright dune
522.jpg,other
523.jpg,bright dune
524.jpg,swiss cheese
525.jpg,crater
526.jpg,bright dune
527.jpg,other
528.jpg,dark dune
529.jpg,other
530.jpg,crater
531.jpg,spider
532.jpg,crater
533.jpg,other
534.jpg,crater
535.jpg,dark dune
536.jpg,other
537.jpg,other
538.jpg,crater
539.jpg,other
540.jpg,other
541.jpg,other
542.jpg,other
543.jpg,bright dune
544.jpg,swiss cheese
545.jpg,crater
546.jpg,other
547.jpg,other
548.jpg,swiss cheese
549.jpg,crater
550.jpg,other
551.jpg,bright dune
552.jpg,crater
553.jpg,other
554.jpg,other
555.jpg,crater
556.jpg,other
557.jpg,other
558.jpg,bright dune
559.jpg,other
560.jpg,dark dune
561.jpg,bright dune
562.jpg,other
563.jpg,other
564.jpg,crater
565.jpg,other
566.jpg,dark dune
567.jpg,slope streak
568.jpg,crater
569.jpg,dark dune
570.jpg,dark dune
571.jpg,crater
572.jpg,bright dune
573.jpg,other
574.jpg,other
575.jpg,bright dune
576.jpg,other
577.jpg,crater
578.jpg,slope streak
579.jpg,other
580.jpg,other
581.jpg,other
582.jpg,other
583.jpg,other
584.jpg,bright dune
585.jpg,crater
586.jpg,swiss cheese
587.jpg,other
588.jpg,impact ejecta
589.jpg,other
590.jpg,other
591.jpg,other
592.jpg,other
593.jpg,other
594.jpg,crater
595.jpg,dark dune
596.jpg,bright dune
597.jpg,crater
598.jpg,crater
599.jpg,other
600.jpg,spider
601.jpg,other
602.jpg,other
603.jpg,other
604.jpg,crater
605.jpg,other
606.jpg,slope streak
607.jpg,other
608.jpg,other
609.jpg,other
610.jpg,other
611.jpg,spider
612.jpg,other
613.jpg,other
614.jpg,crater
615.jpg,crater
616.jpg,slope streak
617.jpg,other
618.jpg,crater
619.jpg,impact ejecta
620.jpg,dark dune
621.jpg,crater
622.jpg,crater
623.jpg,crater
624.jpg,other
625.jpg,other
626.jpg,dark dune
627.jpg,other
628.jpg,other
629.jpg,slope streak
630.jpg,other
631.jpg,other
632.jpg,crater
633.jpg,other
634.jpg,crater
635.jpg,other
636.jpg,crater
637.jpg,other
638.jpg,crater
639.jpg,other
640.jpg,crater
641.jpg,other
642.jpg,dark dune
643.jpg,other
644.jpg,other
645.jpg,other
646.jpg,other
647.jpg,spider
648.jpg,crater
649.jpg,crater
650.jpg,other
651.jpg,other
652.jpg,other
653.jpg,other
654.jpg,slope streak
655.jpg,crater
656.jpg,bright dune
657.jpg,other
658.jpg,swiss cheese
659.jpg,other
660.jpg,bright dune
661.jpg,crater
662.jpg,other
663.jpg,bright dune
664.jpg,crater
665.jpg,dark dune
666.jpg,other
667.jpg,crater
668.jpg,bright dune
669.jpg,slope streak
670.jpg,other
671.jpg,crater
672.jpg,dark dune
673.jpg,crater
674.jpg,crater
675.jpg,swiss cheese
676.jpg,other
677.jpg,crater
678.jpg,other
679.jpg,other
680.jpg,other
681.jpg,other
682.jpg,other
683.jpg,swiss cheese
684.jpg,dark dune
685.jpg,crater
686.jpg,crater
687.jpg,other
688.jpg,slope streak
689.jpg,other
690.jpg,crater
691.jpg,other
692.jpg,other
693.jpg,other
694.jpg,bright dune
695.jpg,slope streak
696.jpg,other
697.jpg,other
698.jpg,other
699.jpg,other
700.jpg,other
701.jpg,bright dune
702.jpg,other
703.jpg,other
704.jpg,other
705.jpg,crater
706.jpg,bright dune
707.jpg,slope streak
708.jpg,slope streak
709.jpg,other
710.jpg,crater
711.jpg,other
712.jpg,impact ejecta
713.jpg,crater
714.jpg,other
715.jpg,slope streak
716.jpg,other
717.jpg,other
718.jpg,bright dune
719.jpg,slope streak
720.jpg,other
721.jpg,crater
722.jpg,crater
723.jpg,bright dune
724.jpg,other
725.jpg,other
726.jpg,other
727.jpg,other
728.jpg,spider
729.jpg,other
730.jpg,other
731.jpg,other
732.jpg,crater
733.jpg,other
734.jpg,other
735.jpg,crater
736.jpg,swiss cheese
737.jpg,other
738.jpg,impact ejecta
739.jpg,crater
740.jpg,bright dune
741.jpg,slope streak
742.jpg,other
743.jpg,crater
744.jpg,other
745.jpg,other
746.jpg,other
747.jpg,other
748.jpg,bright dune
749.jpg,other
750.jpg,swiss cheese
751.jpg,other
752.jpg,bright dune
753.jpg,crater
754.jpg,other
755.jpg,dark dune
756.jpg,other
757.jpg,other
758.jpg,other
759.jpg,other
760.jpg,other
761.jpg,other
762.jpg,swiss cheese
763.jpg,other
764.jpg,slope streak
765.jpg,other
766.jpg,slope streak
767.jpg,other
768.jpg,other
769.jpg,other
770.jpg,swiss cheese
771.jpg,slope streak
772.jpg,bright dune
773.jpg,crater
774.jpg,other
775.jpg,other
776.jpg,bright dune
777.jpg,other
778.jpg,crater
779.jpg,other
780.jpg,crater
781.jpg,bright dune
782.jpg,bright dune
783.jpg,other
784.jpg,other
785.jpg,other
786.jpg,slope streak
787.jpg,other
788.jpg,dark dune
789.jpg,other
790.jpg,dark dune
791.jpg,swiss cheese
792.jpg,slope streak
793.jpg,bright dune
794.jpg,impact ejecta
795.jpg,crater
796.jpg,other
797.jpg,other
798.jpg,other
799.jpg,other
800.jpg,crater
801.jpg,bright dune
802.jpg,dark dune
803.jpg,other
804.jpg,bright dune
805.jpg,other
806.jpg,crater
807.jpg,crater
808.jpg,impact ejecta
809.jpg,other
810.jpg,other
811.jpg,other
812.jpg,other
813.jpg,other
814.jpg,other
815.jpg,other
816.jpg,bright dune
817.jpg,other
818.jpg,impact ejecta
819.jpg,other
820.jpg,other
821.jpg,other
822.jpg,slope streak
823.jpg,crater
824.jpg,bright dune
825.jpg,crater
826.jpg,swiss cheese
827.jpg,swiss cheese
828.jpg,bright dune
829.jpg,other
830.jpg,crater
831.jpg,other
832.jpg,other
833.jpg,crater
834.jpg,crater
835.jpg,other
836.jpg,bright dune
837.jpg,bright dune
838.jpg,other
839.jpg,crater
840.jpg,crater
841.jpg,dark dune
842.jpg,other
843.jpg,other
844.jpg,other
845.jpg,other
846.jpg,impact ejecta
847.jpg,dark dune
848.jpg,swiss cheese
849.jpg,crater
850.jpg,impact ejecta
851.jpg,impact ejecta
852.jpg,bright dune
853.jpg,bright dune
854.jpg,bright dune
855.jpg,spider
856.jpg,other
857.jpg,slope streak
858.jpg,other
859.jpg,bright dune
860.jpg,crater
861.jpg,other
862.jpg,slope streak
863.jpg,other
864.jpg,other
865.jpg,other
866.jpg,crater
867.jpg,crater
868.jpg,bright dune
869.jpg,impact ejecta
870.jpg,other
871.jpg,other
872.jpg,swiss cheese
873.jpg,crater
874.jpg,other
875.jpg,other
876.jpg,other
877.jpg,other
878.jpg,other
879.jpg,other
880.jpg,other
881.jpg,bright dune
882.jpg,other
883.jpg,other
884.jpg,impact ejecta
885.jpg,other
886.jpg,other
887.jpg,bright dune
888.jpg,other
889.jpg,slope streak
890.jpg,other
891.jpg,other
892.jpg,other
893.jpg,other
894.jpg,bright dune
895.jpg,dark dune
896.jpg,bright dune
897.jpg,other
898.jpg,other
899.jpg,slope streak
900.jpg,other
901.jpg,swiss cheese
902.jpg,other
903.jpg,other
904.jpg,other
905.jpg,other
906.jpg,other
907.jpg,other
908.jpg,other
909.jpg,other
910.jpg,other
911.jpg,other
912.jpg,other
913.jpg,other
914.jpg,other
915.jpg,other
916.jpg,other
917.jpg,slope streak
918.jpg,impact ejecta
919.jpg,crater
920.jpg,crater
921.jpg,slope streak
922.jpg,swiss cheese
923.jpg,impact ejecta
924.jpg,other
925.jpg,other
926.jpg,swiss cheese
927.jpg,other
928.jpg,crater
929.jpg,dark dune
930.jpg,crater
931.jpg,crater
932.jpg,slope streak
933.jpg,swiss cheese
934.jpg,other
935.jpg,crater
936.jpg,slope streak
937.jpg,other
938.jpg,other
939.jpg,other
940.jpg,bright dune
941.jpg,other
942.jpg,swiss cheese
943.jpg,other
944.jpg,crater
945.jpg,impact ejecta
946.jpg,other
947.jpg,other
948.jpg,impact ejecta
949.jpg,crater
950.jpg,other
951.jpg,crater
952.jpg,other
953.jpg,crater
954.jpg,slope streak
955.jpg,other
956.jpg,other
957.jpg,crater
958.jpg,crater
959.jpg,dark dune
960.jpg,slope streak
961.jpg,spider
962.jpg,other
963.jpg,crater
964.jpg,crater
965.jpg,other
966.jpg,crater
967.jpg,other
968.jpg,other
969.jpg,other
970.jpg,other
971.jpg,other
972.jpg,other
973.jpg,other
974.jpg,slope streak
975.jpg,crater
976.jpg,other
977.jpg,other
978.jpg,slope streak
979.jpg,other
980.jpg,impact ejecta
981.jpg,slope streak
982.jpg,swiss cheese
983.jpg,other
984.jpg,bright dune
985.jpg,crater
986.jpg,slope streak
987.jpg,other
988.jpg,other
989.jpg,slope streak
990.jpg,other
991.jpg,other
992.jpg,crater
993.jpg,slope streak
994.jpg,other
995.jpg,spider
996.jpg,other
997.jpg,crater
998.jpg,bright dune
999.jpg,other
1000.jpg,other
1001.jpg,other
1002.jpg,other
1003.jpg,other
1004.jpg,other
1005.jpg,swiss cheese
1006.jpg,slope streak
1007.jpg,slope streak
1008.jpg,other
1009.jpg,crater
1010.jpg,other
1011.jpg,other
1012.jpg,other
1013.jpg,other
1014.jpg,crater
1015.jpg,other
1016.jpg,crater
1017.jpg,other
1018.jpg,crater
1019.jpg,other
1020.jpg,crater
1021.jpg,other
1022.jpg,other
1023.jpg,crater
1024.jpg,bright dune
1025.jpg,crater
1026.jpg,crater
1027.jpg,other
1028.jpg,other
1029.jpg,bright dune
1030.jpg,bright dune
1031.jpg,other
1032.jpg,impact ejecta
1033.jpg,impact ejecta
1034.jpg,other
1035.jpg,impact ejecta
1036.jpg,other
1037.jpg,other
1038.jpg,other
1039.jpg,swiss cheese
1040.jpg,slope streak
1041.jpg,crater
1042.jpg,other
1043.jpg,impact ejecta
1044.jpg,bright dune
1045.jpg,other
1046.jpg,crater
1047.jpg,swiss cheese
1048.jpg,impact ejecta
1049.jpg,crater
1050.jpg,bright dune
1051.jpg,dark dune
1052.jpg,crater
1053.jpg,slope streak
1054.jpg,bright dune
1055.jpg,bright dune
1056.jpg,other
1057.jpg,other
1058.jpg,other
1059.jpg,bright dune
1060.jpg,other
1061.jpg,bright dune
1062.jpg,impact ejecta
1063.jpg,crater
1064.jpg,crater
1065.jpg,bright dune
1066.jpg,slope streak
1067.jpg,bright dune
1068.jpg,other
1069.jpg,slope streak
1070.jpg,other
1071.jpg,other
1072.jpg,crater
1073.jpg,dark dune
1074.jpg,dark dune
1075.jpg,slope streak
1076.jpg,crater
1077.jpg,other
1078.jpg,bright dune
1079.jpg,swiss cheese
1080.jpg,dark dune
1081.jpg,slope streak
1082.jpg,other
1083.jpg,crater
1084.jpg,other
1085.jpg,other
1086.jpg,slope streak
1087.jpg,other
1088.jpg,bright dune
1089.jpg,other
1090.jpg,other
1091.jpg,other
1092.jpg,other
1093.jpg,other
1094.jpg,slope streak
1095.jpg,other
1096.jpg,other
1097.jpg,crater
1098.jpg,other
1099.jpg,other
1100.jpg,crater
1101.jpg,other
1102.jpg,swiss cheese
1103.jpg,dark dune
1104.jpg,other
1105.jpg,other
1106.jpg,slope streak
1107.jpg,other
1108.jpg,dark dune
1109.jpg,other
1110.jpg,other
1111.jpg,other
1112.jpg,crater
1113.jpg,bright dune
1114.jpg,other
1115.jpg,spider
1116.jpg,impact ejecta
1117.jpg,other
1118.jpg,crater
1119.jpg,dark dune
1120.jpg,slope streak
1121.jpg,slope streak
1122.jpg,other
1123.jpg,slope streak
1124.jpg,crater
1125.jpg,swiss cheese
1126.jpg,other
1127.jpg,other
1128.jpg,crater
1129.jpg,other
1130.jpg,other
1131.jpg,bright dune
1132.jpg,other
1133.jpg,crater
1134.jpg,other
1135.jpg,crater
1136.jpg,bright dune
1137.jpg,other
1138.jpg,other
1139.jpg,crater
1140.jpg,crater
1141.jpg,bright dune
1142.jpg,other
1143.jpg,crater
1144.jpg,other
1145.jpg,crater
1146.jpg,bright dune
1147.jpg,bright dune
1148.jpg,impact ejecta
1149.jpg,other
1150.jpg,crater
1151.jpg,other
1152.jpg,impact ejecta
1153.jpg,other
1154.jpg,crater
1155.jpg,other
1156.jpg,other
1157.jpg,other
1158.jpg,other
1159.jpg,other
1160.jpg,other
1161.jpg,other
1162.jpg,other
1163.jpg,other
1164.jpg,other
1165.jpg,other
1166.jpg,other
1167.jpg,swiss cheese
1168.jpg,other
1169.jpg,slope streak
1170.jpg,other
1171.jpg,swiss cheese
1172.jpg,spider
1173.jpg,other
1174.jpg,other
1175.jpg,dark dune
1176.jpg,other
1177.jpg,other
1178.jpg,bright dune
1179.jpg,crater
1180.jpg,other
1181.jpg,dark dune
1182.jpg,other
1183.jpg,other
1184.jpg,other
1185.jpg,bright dune
1186.jpg,crater
1187.jpg,dark dune
1188.jpg,other
1189.jpg,crater
1190.jpg,spider
1191.jpg,other
1192.jpg,slope streak
1193.jpg,impact ejecta
1194.jpg,impact ejecta
1195.jpg,slope streak
1196.jpg,other
1197.jpg,other
1198.jpg,dark dune
1199.jpg,other
1200.jpg,crater
1201.jpg,other
1202.jpg,other
1203.jpg,bright dune
1204.jpg,impact ejecta
1205.jpg,other
1206.jpg,crater
1207.jpg,other
1208.jpg,other
1209.jpg,other
1210.jpg,other
1211.jpg,crater
1212.jpg,bright dune
1213.jpg,slope streak
1214.jpg,other
1215.jpg,other
1216.jpg,slope streak
1217.jpg,swiss cheese
1218.jpg,impact ejecta
1219.jpg,spider
1220.jpg,slope streak
1221.jpg,other
1222.jpg,other
1223.jpg,other
1224.jpg,other
1225.jpg,other
1226.jpg,other
1227.jpg,crater
1228.jpg,slope streak
1229.jpg,other
1230.jpg,impact ejecta
1231.jpg,other
1232.jpg,other
1233.jpg,slope streak
1234.jpg,crater
1235.jpg,slope streak
1236.jpg,crater
1237.jpg,other
1238.jpg,other
1239.jpg,other
1240.jpg,other
1241.jpg,dark dune
1242.jpg,other
1243.jpg,slope streak
1244.jpg,crater
1245.jpg,crater
1246.jpg,crater
1247.jpg,other
1248.jpg,other
1249.jpg,crater
1250.jpg,other
1251.jpg,other
1252.jpg,swiss cheese
1253.jpg,other
1254.jpg,other
1255.jpg,other
1256.jpg,other
1257.jpg,other
1258.jpg,bright dune
1259.jpg,other
1260.jpg,crater
1261.jpg,other
1262.jpg,other
1263.jpg,other
1264.jpg,other
1265.jpg,impact ejecta
1266.jpg,crater
1267.jpg,slope streak
1268.jpg,bright dune
1269.jpg,other
1270.jpg,crater
1271.jpg,dark dune
1272.jpg,other
1273.jpg,dark dune
1274.jpg,crater
1275.jpg,other
1276.jpg,crater
1277.jpg,other
1278.jpg,other
1279.jpg,crater
1280.jpg,bright dune
1281.jpg,other
1282.jpg,spider
1283.jpg,crater
1284.jpg,crater
1285.jpg,other
1286.jpg,bright dune
1287.jpg,other
1288.jpg,crater
1289.jpg,crater
1290.jpg,dark dune
1291.jpg,bright dune
1292.jpg,other
1293.jpg,crater
1294.jpg,dark dune
1295.jpg,other
1296.jpg,swiss cheese
1297.jpg,impact ejecta
1298.jpg,crater
1299.jpg,spider
1300.jpg,bright dune
1301.jpg,other
1302.jpg,slope streak
1303.jpg,swiss cheese
1304.jpg,slope streak
1305.jpg,other
1306.jpg,other
1307.jpg,impact ejecta
1308.jpg,other
1309.jpg,other
1310.jpg,other
1311.jpg,other
1312.jpg,crater
1313.jpg,other
1314.jpg,other
1315.jpg,other
1316.jpg,other
1317.jpg,other
1318.jpg,impact ejecta
1319.jpg,other
1320.jpg,other
1321.jpg,crater
1322.jpg,slope streak
1323.jpg,other
1324.jpg,swiss cheese
1325.jpg,other
1326.jpg,other
1327.jpg,other
1328.jpg,other
1329.jpg,other
1330.jpg,crater
1331.jpg,other
1332.jpg,slope streak
1333.jpg,other
1334.jpg,other
1335.jpg,crater
1336.jpg,impact ejecta
1337.jpg,bright dune
1338.jpg,bright dune
1339.jpg,crater
1340.jpg,bright dune
1341.jpg,bright dune
1342.jpg,other
1343.jpg,other
1344.jpg,bright dune
1345.jpg,slope streak
1346.jpg,slope streak
1347.jpg,impact ejecta
1348.jpg,other
1349.jpg,other
1350.jpg,other
1351.jpg,crater
1352.jpg,other
1353.jpg,other
1354.jpg,other
1355.jpg,impact ejecta
1356.jpg,other
1357.jpg,swiss cheese
1358.jpg,dark dune
1359.jpg,other
1360.jpg,other
1361.jpg,crater
1362.jpg,slope streak
1363.jpg,bright dune
1364.jpg,other
1365.jpg,other
1366.jpg,other
1367.jpg,slope streak
1368.jpg,crater
1369.jpg,crater
1370.jpg,other
1371.jpg,crater
1372.jpg,impact ejecta
1373.jpg,impact ejecta
1374.jpg,swiss cheese
1375.jpg,other
1376.jpg,other
1377.jpg,other
1378.jpg,other
1379.jpg,other
1380.jpg,other
1381.jpg,other
1382.jpg,other
1383.jpg,other
1384.jpg,other
1385.jpg,other
1386.jpg,other
1387.jpg,slope streak
1388.jpg,crater
1389.jpg,other
1390.jpg,impact ejecta
1391.jpg,swiss cheese
1392.jpg,other
1393.jpg,slope streak
1394.jpg,other
1395.jpg,bright dune
1396.jpg,other
1397.jpg,other
1398.jpg,crater
1399.jpg,other
1400.jpg,other
1401.jpg,other
1402.jpg,slope streak
1403.jpg,other
1404.jpg,crater
1405.jpg,impact ejecta
1406.jpg,crater
1407.jpg,other
1408.jpg,other
1409.jpg,crater
1410.jpg,crater
1411.jpg,slope streak
1412.jpg,other
1413.jpg,other
1414.jpg,crater
1415.jpg,crater
1416.jpg,other
1417.jpg,other
1418.jpg,slope streak
1419.jpg,crater
1420.jpg,slope streak
1421.jpg,other
1422.jpg,other
1423.jpg,slope streak
1424.jpg,crater
1425.jpg,impact ejecta
1426.jpg,bright dune
1427.jpg,crater
1428.jpg,crater
1429.jpg,other
1430.jpg,other
1431.jpg,other
1432.jpg,other
1433.jpg,other
1434.jpg,bright dune
1435.jpg,slope streak
1436.jpg,crater
1437.jpg,slope streak
1438.jpg,slope streak
1439.jpg,other
1440.jpg,other
1441.jpg,crater
1442.jpg,slope streak
1443.jpg,crater
1444.jpg,crater
1445.jpg,impact ejecta
1446.jpg,other
1447.jpg,crater
1448.jpg,other
1449.jpg,spider
1450.jpg,crater
1451.jpg,impact ejecta
1452.jpg,other
1453.jpg,other
1454.jpg,other
1455.jpg,other
1456.jpg,impact ejecta
1457.jpg,crater
1458.jpg,slope streak
1459.jpg,other
1460.jpg,crater
1461.jpg,other
1462.jpg,other
1463.jpg,crater
1464.jpg,other
1465.jpg,slope streak
1466.jpg,other
1467.jpg,other
1468.jpg,bright dune
1469.jpg,other
1470.jpg,slope streak
1471.jpg,bright dune
1472.jpg,other
1473.jpg,spider
1474.jpg,crater
1475.jpg,other
1476.jpg,crater
1477.jpg,other
1478.jpg,crater
1479.jpg,other
1480.jpg,other
1481.jpg,bright dune
1482.jpg,bright dune
1483.jpg,other
1484.jpg,crater
1485.jpg,other
1486.jpg,crater
1487.jpg,other
1488.jpg,bright dune
1489.jpg,other
1490.jpg,other
1491.jpg,other
1492.jpg,impact ejecta
1493.jpg,other
1494.jpg,other
1495.jpg,other
1496.jpg,crater
1497.jpg,other
1498.jpg,dark dune
1499.jpg,bright dune
1500.jpg,other
1501.jpg,other
1502.jpg,dark dune
1503.jpg,other
1504.jpg,impact ejecta
1505.jpg,bright dune
1506.jpg,other
1507.jpg,other
1508.jpg,crater
1509.jpg,crater
1510.jpg,other
1511.jpg,other
1512.jpg,dark dune
1513.jpg,swiss cheese
1514.jpg,swiss cheese
1515.jpg,slope streak
1516.jpg,other
1517.jpg,other
1518.jpg,crater
1519.jpg,crater
1520.jpg,other
1521.jpg,other
1522.jpg,crater
1523.jpg,bright dune
1524.jpg,slope streak
1525.jpg,other
1526.jpg,swiss cheese
1527.jpg,other
1528.jpg,bright dune
1529.jpg,other
1530.jpg,crater
1531.jpg,slope streak
1532.jpg,slope streak
1533.jpg,other
1534.jpg,slope streak
1535.jpg,other
1536.jpg,other
1537.jpg,crater
1538.jpg,impact ejecta
1539.jpg,crater
1540.jpg,other
1541.jpg,swiss cheese
1542.jpg,slope streak
1543.jpg,other
1544.jpg,other
1545.jpg,other
1546.jpg,other
1547.jpg,other
1548.jpg,dark dune
1549.jpg,crater
1550.jpg,other
1551.jpg,impact ejecta
1552.jpg,dark dune
1553.jpg,crater
1554.jpg,crater
1555.jpg,dark dune
1556.jpg,other
1557.jpg,crater
1558.jpg,other
1559.jpg,crater
1560.jpg,other
1561.jpg,dark dune
1562.jpg,other
1563.jpg,other
1564.jpg,impact ejecta
1565.jpg,other
1566.jpg,impact ejecta
1567.jpg,other
1568.jpg,bright dune
1569.jpg,other
1570.jpg,other
1571.jpg,other
1572.jpg,other
1573.jpg,other
1574.jpg,dark dune
1575.jpg,other
1576.jpg,bright dune
1577.jpg,crater
1578.jpg,crater
1579.jpg,swiss cheese
1580.jpg,other
1581.jpg,other
1582.jpg,swiss cheese
1583.jpg,other
1584.jpg,other
1585.jpg,other
1586.jpg,slope streak
1587.jpg,other
1588.jpg,other
1589.jpg,other
1590.jpg,other
1591.jpg,other
1592.jpg,other
1593.jpg,crater
1594.jpg,bright dune
1595.jpg,slope streak
1596.jpg,other
1597.jpg,other
1598.jpg,other
1599.jpg,slope streak
1600.jpg,other
1601.jpg,other
1602.jpg,other
1603.jpg,other
1604.jpg,other
1605.jpg,impact ejecta
1606.jpg,other
1607.jpg,slope streak
1608.jpg,other
1609.jpg,other
1610.jpg,other
1611.jpg,swiss cheese
1612.jpg,spider
1613.jpg,impact ejecta
1614.jpg,other
1615.jpg,bright dune
1616.jpg,crater
1617.jpg,other
1618.jpg,impact ejecta
1619.jpg,other
1620.jpg,other
1621.jpg,other
1622.jpg,swiss cheese
1623.jpg,crater
1624.jpg,other
1625.jpg,other
1626.jpg,other
1627.jpg,crater
1628.jpg,crater
1629.jpg,other
1630.jpg,other
1631.jpg,slope streak
1632.jpg,other
1633.jpg,other
1634.jpg,crater
1635.jpg,other
1636.jpg,swiss cheese
1637.jpg,other
1638.jpg,slope streak
1639.jpg,other
1640.jpg,crater
1641.jpg,slope streak
1642.jpg,dark dune
1643.jpg,other
1644.jpg,bright dune
1645.jpg,slope streak
1646.jpg,other
1647.jpg,other
1648.jpg,other
1649.jpg,slope streak
1650.jpg,impact ejecta
1651.jpg,other
1652.jpg,other
1653.jpg,crater
1654.jpg,bright dune
1655.jpg,crater
1656.jpg,other
1657.jpg,swiss cheese
1658.jpg,spider
1659.jpg,impact ejecta
1660.jpg,other
1661.jpg,bright dune
1662.jpg,other
1663.jpg,other
1664.jpg,other
1665.jpg,slope streak
1666.jpg,other
1667.jpg,crater
1668.jpg,other
1669.jpg,crater
1670.jpg,crater
1671.jpg,other
1672.jpg,other
1673.jpg,other
1674.jpg,other
1675.jpg,other
1676.jpg,dark dune
1677.jpg,other
1678.jpg,other
1679.jpg,dark dune
1680.jpg,other
1681.jpg,other
1682.jpg,other
1683.jpg,bright dune
1684.jpg,other
1685.jpg,other
1686.jpg,crater
1687.jpg,other
1688.jpg,other
1689.jpg,other
1690.jpg,other
1691.jpg,other
1692.jpg,other
1693.jpg,other
1694.jpg,impact ejecta
1695.jpg,other
1696.jpg,bright dune
1697.jpg,other
1698.jpg,other
1699.jpg,crater
1700.jpg,other
1701.jpg,impact ejecta
1702.jpg,bright dune
1703.jpg,other
1704.jpg,other
1705.jpg,crater
1706.jpg,impact ejecta
1707.jpg,other
1708.jpg,other
1709.jpg,other
1710.jpg,dark dune
1711.jpg,crater
1712.jpg,swiss cheese
1713.jpg,other
1714.jpg,other
1715.jpg,swiss cheese
1716.jpg,other
1717.jpg,other
1718.jpg,crater
1719.jpg,slope streak
1720.jpg,bright dune
1721.jpg,bright dune
1722.jpg,other
1723.jpg,other
1724.jpg,crater
1725.jpg,swiss cheese
1726.jpg,other
1727.jpg,other
1728.jpg,other
1729.jpg,slope streak
1730.jpg,spider
1731.jpg,swiss cheese
1732.jpg,bright dune
1733.jpg,other
1734.jpg,bright dune
1735.jpg,other
1736.jpg,impact ejecta
1737.jpg,impact ejecta
1738.jpg,spider
1739.jpg,other
1740.jpg,other
1741.jpg,crater
1742.jpg,dark dune
1743.jpg,other
1744.jpg,slope streak
1745.jpg,bright dune
1746.jpg,swiss cheese
1747.jpg,bright dune
1748.jpg,swiss cheese
1749.jpg,other
1750.jpg,slope streak
1751.jpg,crater
1752.jpg,other
1753.jpg,other
1754.jpg,dark dune
1755.jpg,dark dune
1756.jpg,other
1757.jpg,crater
1758.jpg,other
1759.jpg,other
1760.jpg,crater
1761.jpg,other
1762.jpg,other
1763.jpg,other
1764.jpg,other
1765.jpg,swiss cheese
1766.jpg,slope streak
1767.jpg,dark dune
1768.jpg,crater
1769.jpg,other
1770.jpg,impact ejecta
1771.jpg,other
1772.jpg,crater
1773.jpg,other
1774.jpg,other
1775.jpg,slope streak
1776.jpg,other
1777.jpg,other
1778.jpg,crater
1779.jpg,other
1780.jpg,other
1781.jpg,other
1782.jpg,other
1783.jpg,crater
1784.jpg,bright dune
1785.jpg,impact ejecta
1786.jpg,other
1787.jpg,dark dune
1788.jpg,bright dune
1789.jpg,crater
1790.jpg,other
1791.jpg,other
1792.jpg,bright dune
1793.jpg,other
1794.jpg,other
1795.jpg,dark dune
1796.jpg,other
1797.jpg,other
1798.jpg,crater
1799.jpg,bright dune
1800.jpg,impact ejecta
1801.jpg,crater
1802.jpg,other
1803.jpg,other
1804.jpg,crater
1805.jpg,other
1806.jpg,dark dune
1807.jpg,other
1808.jpg,bright dune
1809.jpg,other
1810.jpg,other
1811.jpg,other
1812.jpg,other
1813.jpg,bright dune
1814.jpg,crater
1815.jpg,slope streak
1816.jpg,crater
1817.jpg,other
1818.jpg,bright dune
1819.jpg,other
1820.jpg,other
1821.jpg,other
1822.jpg,other
1823.jpg,swiss cheese
1824.jpg,dark dune
1825.jpg,other
1826.jpg,other
1827.jpg,other
1828.jpg,other
1829.jpg,slope streak
1830.jpg,other
1831.jpg,impact ejecta
1832.jpg,other
1833.jpg,other
1834.jpg,crater
1835.jpg,slope streak
1836.jpg,other
1837.jpg,slope streak
1838.jpg,impact ejecta
1839.jpg,crater
1840.jpg,other
1841.jpg,impact ejecta
1842.jpg,impact ejecta
1843.jpg,crater
1844.jpg,other
1845.jpg,bright dune
1846.jpg,crater
1847.jpg,slope streak
1848.jpg,other
1849.jpg,other
1850.jpg,crater
1851.jpg,crater
1852.jpg,other
1853.jpg,other
1854.jpg,other
1855.jpg,other
1856.jpg,impact ejecta
1857.jpg,slope streak
1858.jpg,other
1859.jpg,other
1860.jpg,other
1861.jpg,crater
1862.jpg,dark dune
1863.jpg,crater
1864.jpg,other
1865.jpg,other
1866.jpg,slope streak
1867.jpg,other
1868.jpg,other
1869.jpg,other
1870.jpg,slope streak
1871.jpg,other
1872.jpg,bright dune
1873.jpg,other
1874.jpg,impact ejecta
1875.jpg,other
1876.jpg,other
1877.jpg,other
1878.jpg,slope streak
1879.jpg,other
1880.jpg,other
1881.jpg,slope streak
1882.jpg,other
1883.jpg,other
1884.jpg,bright dune
1885.jpg,other
1886.jpg,other
1887.jpg,crater
1888.jpg,other
1889.jpg,slope streak
1890.jpg,bright dune
1891.jpg,other
1892.jpg,other
1893.jpg,slope streak
1894.jpg,bright dune
1895.jpg,other
1896.jpg,other
1897.jpg,other
1898.jpg,other
1899.jpg,other
1900.jpg,other
1901.jpg,other
1902.jpg,other
1903.jpg,bright dune
1904.jpg,impact ejecta
1905.jpg,other
1906.jpg,other
1907.jpg,other
1908.jpg,crater
1909.jpg,other
1910.jpg,slope streak
1911.jpg,other
1912.jpg,bright dune
1913.jpg,impact ejecta
1914.jpg,slope streak
1915.jpg,crater
1916.jpg,other
1917.jpg,bright dune
1918.jpg,other
1919.jpg,other
1920.jpg,other
1921.jpg,impact ejecta
1922.jpg,other
1923.jpg,other
1924.jpg,other
1925.jpg,other
1926.jpg,crater
1927.jpg,other
1928.jpg,crater
1929.jpg,other
1930.jpg,dark dune
1931.jpg,other
1932.jpg,slope streak
1933.jpg,other
1934.jpg,other
1935.jpg,bright dune
1936.jpg,other
1937.jpg,other
1938.jpg,crater
1939.jpg,other
1940.jpg,other
1941.jpg,crater
1942.jpg,other
1943.jpg,crater
1944.jpg,impact ejecta
1945.jpg,other
1946.jpg,other
1947.jpg,slope streak
1948.jpg,other
1949.jpg,other
1950.jpg,other
1951.jpg,swiss cheese
1952.jpg,crater
1953.jpg,crater
1954.jpg,bright dune
1955.jpg,other
1956.jpg,other
1957.jpg,other
1958.jpg,bright dune
1959.jpg,other
1960.jpg,crater
1961.jpg,slope streak
1962.jpg,other
1963.jpg,bright dune
1964.jpg,spider
1965.jpg,other
1966.jpg,slope streak
1967.jpg,other
1968.jpg,bright dune
1969.jpg,other
1970.jpg,other
1971.jpg,other
1972.jpg,crater
1973.jpg,other
1974.jpg,bright dune
1975.jpg,other
1976.jpg,other
1977.jpg,dark dune
1978.jpg,other
1979.jpg,impact ejecta
1980.jpg,bright dune
1981.jpg,slope streak
1982.jpg,other
1983.jpg,other
1984.jpg,other
1985.jpg,impact ejecta
1986.jpg,crater
1987.jpg,crater
1988.jpg,other
1989.jpg,bright dune
1990.jpg,crater
1991.jpg,other
1992.jpg,bright dune
1993.jpg,other
1994.jpg,other
1995.jpg,impact ejecta
1996.jpg,other
1997.jpg,crater
1998.jpg,other
1999.jpg,other
2000.jpg,other
